{
    "DatosVideo": [
        {
            "Modelo": "opencv_tiny",
            "PersonasPromedio": 2.75,
            "tiempoTotal": 1.777448575998278,
            "FPS_Promedio": 4.500833446338619
        },
        {
            "Modelo": "opencv_320",
            "PersonasPromedio": 5.1875,
            "tiempoTotal": 23.859036591002223,
            "FPS_Promedio": 0.6706054512709855
        }
    ]
}